,rgiid,site,lat,lon,elevation,slope,aspect,kp,a_ice
0,01.00570,A,63.259091,-145.428586,1315.0,10.2020922,205.3066209,2.5,0.2629926344927619
1,01.00570,AU,63.264986,-145.41675,1442.0,6.65,227.4,2.0588026401017103,0.2384921981091611
2,01.00570,AB,63.272482,-145.416498,1541.0,5.379429669545362,170.85518767263133,2.01114,0.1981492076853388
3,01.00570,ABB,63.27884,-145.414178,1608.0,5.897816268,183.9843139,2.35,0.2810031941958836
4,01.00570,B,63.285514,-145.410336,1682.0,6.0528543051968855,207.686053866198,2.710018518732716,0.3315056238104315
5,01.00570,BD,63.289101,-145.401015,1742.0,7.371767044,257.9118652,2.8,0.3352981082030705
6,01.00570,D,63.285115,-145.385018,1843.0,5.981507856674225,330.42843279877565,3.1900623202381246,0.4490959942340851
7,01.00570,T,63.279063,-145.461041,1877.0,5.046142101,136.7533569,3.4845807547976015,0.4736539423465729
8,01.00570,C,63.298883,-145.421072,1957.0,6.575016718,148.3973071,,0.3549276888370514
9,01.00570,V,63.294753,-145.420605,1883.0,10.35215914,175.4850177,,0.3938587754964828
10,01.00570,W,63.280513,-145.477223,1952.0,10.15995591,122.2047884,,0.4329926371574402
11,01.00570,X,63.285958,-145.480202,2037.0,8.455522329,123.4238406,,0.4379177689552307
12,01.00570,Z,63.288623,-145.482731,2081.0,7.388029098510742,218.81930541992188,3.4592243649891796,0.4553757607936859
13,01.00570,center,63.281,-145.427,1700.0,30.06858276,168.8615921,,
14,01.00570,terminus,63.257869,-145.427429,,,,,
15,,Gilkey-1,58.8206,-134.40414,769.0,4.240025,229.62401,,
16,,Gilkey-2,58.87184,-134.3119,1316.0,4.871669292449951,163.1750030517578,,
17,,Gilkey-3,58.91933,-134.35859,1958.0,0.8486236333847046,342.1473693847656,,
18,01.01390,center,58.651,-134.278,1367.0,1.2924311,153.22237,,0.3783038258552551
19,01.01390,D,58.684868,-134.348341,,,,,0.457442969083786
20,01.01390,C,58.62886,-134.230867,,,,,0.3623697236180305
21,01.01390,B,58.560575,-134.139942,,,,,0.3502570658922195
22,01.01390,C161,58.632957000000005,-134.418588,1485.0,,,,
23,01.01390,TKG5,58.60387799999998,-134.18001899999996,995.4,,,,0.3402288683823177
24,01.01390,TKG4,58.634407,-134.237005,1116.2,1.9967291355133057,82.64067077636719,,0.3649900019168853
25,01.01390,TKG6,58.668817,-134.282719,1185.9,1.0763856172561646,179.9007568359375,,0.3789613644282023
26,01.01390,DG1,58.617588,-134.13004700000002,1016.7,,,,
27,01.01390,MG2,58.809432,-134.194943,1762.7,1.884306788444519,162.8065948486328,,
28,01.01390,MG1,58.71770399999998,-134.21223800000004,1386.0,1.123157024383545,232.76382446289065,1.5,0.4131707921624183
29,01.01390,TKG3,58.65638599999999,-134.277751,1178.4,1.838401675224304,204.4027709960937,1.5,0.397268275419871
30,01.01390,TKG7,58.688654,-134.382797,1338.4,1.349252700805664,77.0621566772461,,0.4557696133852005
31,01.01390,NWB1,58.674021,-134.519123,1502.3,0.6678913831710815,54.332130432128906,1.5,0.4088685810565948
32,01.01390,DG3,58.72052899999998,-134.09014900000005,1338.1,0.6569328904151917,268.535888671875,,
33,01.01390,SWB2,58.57448399999999,-134.24970899999997,1104.4,0.4650899171829223,54.81622695922852,,0.3778486748536427
34,01.01390,BC,58.66186,-134.3202,1243.0,1.9940310716629028,154.6643524169922,,
35,01.01390,Taku-1,58.66186,-134.3202,1243.0,1.9940310716629028,154.6643524169922,,
36,,center,0.0,0.0,1500.0,0.0,0.0,,
37,01.15645,center,61.572723389,-143.043365479,1826.0,6.254075,247.38133,,0.2514912846426551
38,01.15645,KCN,61.69928,-143.1764,,,,,0.4681049883365631
39,01.15645,GTH,61.65986267,-142.9841748,2173.0,0.6288419961929321,248.28536987304688,1.6634793010179634,0.4524494856595993
40,01.15645,KENN6100(HIGH),61.67776965,-143.0660702,,,,,0.3556618678073088
41,01.15645,GTL,61.59921697999999,-142.9998289,1081.0,5.142089366912842,275.083251953125,1.0094549347163355,0.366785105348118
42,01.15645,KC31,61.56153609999999,-143.0557154,926.0,2.340827226638794,88.2103042602539,1.130154191842188,0.1680998291172411
43,01.15645,KC27,61.53097362,-143.0144531,805.0,2.54988956451416,186.61090087890625,,0.188075852199741
44,01.15645,KCO,61.72190833333334,-143.2520444444444,2595.0,5.965224742889404,82.21604919433594,,0.4847432971000671
45,01.15645,KCM,61.68082777777777,-143.0633388888889,,,,,0.3398540914058685
46,01.15645,KCH,61.68491210265201,-143.2268864736823,1460.0,4.379973411560059,151.91632080078125,,0.4025942654378952
47,01.15645,K500,61.47129510490621,-142.9166756965368,500.0,7.0008320808410645,334.8735046386719,,
48,01.15645,K600,61.48402516834381,-142.9299926735849,600.0,3.494276762008667,56.67950439453125,,
49,01.15645,K700,61.50071112222222,-142.96335464074073,700.0,4.257422924041748,235.16964721679688,,
50,01.15645,K800,61.52513286135265,-143.02008784598155,800.0,6.842487335205078,52.49535751342773,,
51,01.15645,K900,61.55804573382497,-143.04212636312684,900.0,1.9809937477111816,245.89089965820312,,
52,01.15645,K1000,61.58687190653595,-143.05251569738562,1000.0,14.53027057647705,117.76019287109376,,
53,01.15645,K1100,61.61345593182055,-143.06783125785083,1100.0,6.368048191070557,225.0731201171875,,
54,01.15645,K1200,61.627831857556096,-143.0908407788862,1200.0,2.037558555603028,75.10150909423828,,
55,01.15645,K1300,61.649962533156966,-143.15952161604935,1300.0,3.0991055965423584,220.4203186035156,,
56,01.15645,K1400,61.66558920757401,-143.2037802879277,1400.0,4.723103046417236,78.17485046386719,,
57,01.15645,K1500,61.67130737826086,-143.17553241851851,1500.0,23.044044494628903,223.9855499267578,,
58,01.15645,K1600,61.68479690477897,-143.2069384818399,1600.0,6.7802276611328125,214.9739532470703,,
59,01.15645,K1700,61.67806667777777,-143.1631277888889,1700.0,22.910964965820312,195.1427459716797,,
60,01.15645,K1800,61.66507374224965,-143.10007717160494,1800.0,9.302544593811035,160.56219482421875,,
61,01.15645,K1900,61.67017563835125,-143.0916200827957,1900.0,12.675922393798828,186.31497192382807,,
62,01.15645,K2000,61.68257695425143,-143.12119589008867,2000.0,3.626453876495361,201.414794921875,,
63,01.15645,K2500,61.7088645097561,-143.0823563796748,2500.0,3.518044233322144,258.2609558105469,,
64,01.15645,K3000,61.71150825763888,-143.08772353541667,3000.0,4.180243015289307,336.05206298828125,,
65,01.15645,K3500,61.70531804653784,-143.12547102560387,3500.0,5.114973545074463,93.0044403076172,,
66,01.15645,K4000,61.70853175714285,-143.3713392968254,4000.0,20.965639114379883,73.06963348388672,,
67,01.15645,K4500,61.71413195555555,-143.38517362222225,4500.0,,,,
68,01.01104,center,58.38,-134.349,1123.0,2.3645732,325.7462,,0.3049169778823852
69,01.01104,A,58.40060461430215,-134.3619183332517,,,,,0.2808309469534003
70,01.01104,B,58.39329780487245,-134.3520431581713,940.0,10.006880760192873,314.4581298828125,1.4230809067903878,0.2860248722963863
71,01.01104,C,58.38089019548791,-134.345994867431,1062.0,4.237198352813721,318.9727478027344,1.5168359512504206,0.3504866398870945
72,01.01104,D,58.36509201364083,-134.3550043348437,1172.0,2.5234549045562744,54.92477416992188,1.5903339881579404,0.3473105604449908
73,01.01104,E,58.36163419853212,-134.3374465959932,,,,,0.4140473093305315
74,01.01104,F,58.36103028855999,-134.3422603967463,,,,,0.3957900355259577
75,01.01104,G,58.36180776488043,-134.3609948285452,,,,,0.3202584683895111
76,01.01104,H,58.3722869823571,-134.3462566154474,,,,,0.3393399963776271
77,01.01104,Camp-17,58.36763301197373,-134.3659482883527,,,,,
78,01.01104,WxLemonCreek,58.36740701885394,-134.3659014602987,,,,,
79,01.01104,Lemon-1,58.36547,-134.35807,1179.0,3.105111598968506,83.12446594238281,,
80,01.09162,center,60.412,-148.908,1267.0,18.048637,175.8008,,0.3901961673247187
81,01.09162,EC,60.42594,-148.914234,1348.0,3.8501882553100586,216.4735870361328,2.099132202834925,0.4527326822280884
82,01.09162,A,60.37688431118168,-148.9154722108952,,,,,0.1609616996720433
83,01.09162,AU,60.38053439078011,-148.9183353321111,,,,,0.2550949615483381
84,01.09162,B,60.40416107363147,-148.906672451901,1058.0,3.1265501976013184,155.9629669189453,1.1477651719827946,0.4034878838186462
85,01.09162,C,60.41973933598902,-148.9207171104591,,,,,
86,01.09162,LA,60.37274309645237,-148.9080283532806,,,,,0.1749057962344243
87,01.09162,N,60.39642600173348,-148.9087066477804,998.0,2.681142091751098,184.0458831787109,0.9877200957743192,0.3686268305841912
88,01.09162,P,60.39418647100594,-148.9095556010756,,,,,0.3505381211638451
89,01.09162,S,60.40578546793083,-148.876410465159,,,,,0.3635093395908673
90,01.09162,T,60.41887165999453,-148.8916043311303,,,,,0.4556222259998321
91,01.09162,Y,60.42494551840866,-148.9370475539436,,,,,0.4453499615192413
92,01.09162,TU,60.41952893584079,-148.8895900034263,,,,,0.4708788096904754
93,01.09162,WOLVERINE HUT,60.38962025424892,-148.9310034585905,,,,,
94,01.09162,WX990,60.38688902843856,-148.9370651959682,,,,,
95,01.09162,JWS_WOLVERINE,60.39483071294268,-148.9453492311013,,,,,
96,01.09162,WOLVERINE STREAM GAUGE,60.37005281002229,-148.897426101959,,,,,
97,,center,58.519,-134.478,1027.0,25.477306,192.35394,,
98,,Mend-1a,58.50733,-134.54997,747.0,1.3396087884902954,170.54586791992188,,
99,,Mend-2,58.52727,-134.39477,1356.0,6.776257991790772,192.0864715576172,,
100,,Mend-3,58.5613,-134.39792,1565.0,3.05439829826355,258.9364318847656,,
101,,AWS,0.0178817,-78.0040317,4969.0,11.614135,220.74821,,
102,,center,0.0178817,-78.0040317,4969.0,11.614134788513184,220.7482147216797,,
103,,test,0.018,-78.005,4957.0,14.84015941619873,238.87025451660156,,
104,,test2,0.018,-78.005,4957.0,14.84015941619873,238.8702545166016,,
105,01.22193,center,62.833,-151.229,1839.0,4.611345,225.10425,,0.2749108909629285
106,01.22193,KPS,63.076633856,-151.174260401,3053.0,3.626066684722901,220.4245147705078,2.0376770367553396,0.469972088932991
107,01.22193,KQU,62.976647,-151.070586,2630.0,7.021527290344238,207.89166259765625,0.5919060765797338,
108,01.22193,KT1,63.050792,-151.1864699,2690.0,8.256542205810547,109.6802978515625,,
109,01.22193,KT2,63.0589053,-151.1825801,2846.0,3.16265606880188,250.78582763671875,,0.4936803579330444
110,01.22193,KT3,63.0651534,-151.1844951,2900.0,4.228343963623047,203.93687438964844,,
111,01.22193,K17b,62.95847999,-151.2396539,1934.0,0.4018681347370147,52.11628341674805,0.7023414238186757,0.4838696718215942
112,01.22193,KPASS,63.07663386,-151.1742604,,,,,0.469972088932991
113,01.22193,KPSL,63.07374166666666,-151.1771555555555,,,,,
114,01.22193,KBC,62.96878014,-151.1657928,,,,,
115,01.22193,K53,62.72867251,-151.3293646,1119.0,2.663767099380493,175.4527130126953,1.7068888637879764,0.2541263779265839
116,01.22193,K14C,63.069646,-151.072172,4274.0,5.153615474700928,262.46649169921875,,
117,01.22193,K14k,63.069646,-151.072172,4274.0,5.153615474700928,262.46649169921875,,
118,01.15645,KCML,61.67777,-143.06606,1831.0,,,,
119,01.22193,K29,62.84357,-151.25514,1492.4,,,,
120,01.22193,KIA,62.96878,-151.1658,2159.385,,,,
121,01.00570,LA,63.25475,-145.43344,1273.8,,,,
